dataset,algorithm,size,avg_time_us,avg_char_comparisons,avg_char_inspections,avg_radix_calls,avg_quick_switches
nearly_sorted,lcp_mergesort,100,40.867,1069.000,0.000,0.000,0.000
nearly_sorted,lcp_mergesort,200,110.267,2631.000,0.000,0.000,0.000
nearly_sorted,lcp_mergesort,300,170.567,4343.000,0.000,0.000,0.000
nearly_sorted,lcp_mergesort,400,244.067,6206.000,0.000,0.000,0.000
nearly_sorted,lcp_mergesort,500,331.933,8403.000,0.000,0.000,0.000
nearly_sorted,lcp_mergesort,600,397.200,10051.000,0.000,0.000,0.000
nearly_sorted,lcp_mergesort,700,512.500,12186.000,0.000,0.000,0.000
nearly_sorted,lcp_mergesort,800,568.900,14201.000,0.000,0.000,0.000
nearly_sorted,lcp_mergesort,900,644.267,16351.000,0.000,0.000,0.000
nearly_sorted,lcp_mergesort,1000,760.933,18990.000,0.000,0.000,0.000
nearly_sorted,lcp_mergesort,1100,820.800,20886.000,0.000,0.000,0.000
nearly_sorted,lcp_mergesort,1200,920.500,22895.000,0.000,0.000,0.000
nearly_sorted,lcp_mergesort,1300,1037.467,25284.000,0.000,0.000,0.000
nearly_sorted,lcp_mergesort,1400,1095.200,27558.000,0.000,0.000,0.000
nearly_sorted,lcp_mergesort,1500,1191.667,29846.000,0.000,0.000,0.000
nearly_sorted,lcp_mergesort,1600,1280.033,31650.000,0.000,0.000,0.000
nearly_sorted,lcp_mergesort,1700,1414.900,34159.000,0.000,0.000,0.000
nearly_sorted,lcp_mergesort,1800,1503.500,36218.000,0.000,0.000,0.000
nearly_sorted,lcp_mergesort,1900,1615.833,38777.000,0.000,0.000,0.000
nearly_sorted,lcp_mergesort,2000,1705.067,42000.000,0.000,0.000,0.000
nearly_sorted,lcp_mergesort,2100,1781.800,44199.000,0.000,0.000,0.000
nearly_sorted,lcp_mergesort,2200,1908.933,46078.000,0.000,0.000,0.000
nearly_sorted,lcp_mergesort,2300,1958.033,48523.000,0.000,0.000,0.000
nearly_sorted,lcp_mergesort,2400,2048.667,50109.000,0.000,0.000,0.000
nearly_sorted,lcp_mergesort,2500,2254.133,52244.000,0.000,0.000,0.000
nearly_sorted,lcp_mergesort,2600,2321.433,54242.000,0.000,0.000,0.000
nearly_sorted,lcp_mergesort,2700,2417.367,55973.000,0.000,0.000,0.000
nearly_sorted,lcp_mergesort,2800,2572.500,59409.000,0.000,0.000,0.000
nearly_sorted,lcp_mergesort,2900,2581.900,60288.000,0.000,0.000,0.000
nearly_sorted,lcp_mergesort,3000,2678.900,63372.000,0.000,0.000,0.000
nearly_sorted,msd_radix_sort,100,60.433,0.000,490.000,26.000,0.000
nearly_sorted,msd_radix_sort,200,101.433,0.000,926.000,42.000,0.000
nearly_sorted,msd_radix_sort,300,159.400,0.000,1408.000,65.000,0.000
nearly_sorted,msd_radix_sort,400,227.100,0.000,1892.000,89.000,0.000
nearly_sorted,msd_radix_sort,500,291.767,0.000,2402.000,117.000,0.000
nearly_sorted,msd_radix_sort,600,335.733,0.000,2864.000,133.000,0.000
nearly_sorted,msd_radix_sort,700,394.867,0.000,3356.000,157.000,0.000
nearly_sorted,msd_radix_sort,800,464.033,0.000,3842.000,182.000,0.000
nearly_sorted,msd_radix_sort,900,520.967,0.000,4308.000,202.000,0.000
nearly_sorted,msd_radix_sort,1000,593.667,0.000,4810.000,228.000,0.000
nearly_sorted,msd_radix_sort,1100,635.333,0.000,5264.000,243.000,0.000
nearly_sorted,msd_radix_sort,1200,696.000,0.000,5746.000,266.000,0.000
nearly_sorted,msd_radix_sort,1300,771.667,0.000,6220.000,286.000,0.000
nearly_sorted,msd_radix_sort,1400,802.067,0.000,6706.000,308.000,0.000
nearly_sorted,msd_radix_sort,1500,858.967,0.000,7192.000,330.000,0.000
nearly_sorted,msd_radix_sort,1600,915.533,0.000,7672.000,350.000,0.000
nearly_sorted,msd_radix_sort,1700,972.633,0.000,8166.000,373.000,0.000
nearly_sorted,msd_radix_sort,1800,1022.033,0.000,8666.000,395.000,0.000
nearly_sorted,msd_radix_sort,1900,1098.833,0.000,9166.000,421.000,0.000
nearly_sorted,msd_radix_sort,2000,1163.400,0.000,9674.000,444.000,0.000
nearly_sorted,msd_radix_sort,2100,1225.400,0.000,10166.000,466.000,0.000
nearly_sorted,msd_radix_sort,2200,1272.433,0.000,10642.000,484.000,0.000
nearly_sorted,msd_radix_sort,2300,1329.567,0.000,11140.000,507.000,0.000
nearly_sorted,msd_radix_sort,2400,1395.667,0.000,11648.000,532.000,0.000
nearly_sorted,msd_radix_sort,2500,1481.367,0.000,12144.000,556.000,0.000
nearly_sorted,msd_radix_sort,2600,1526.567,0.000,12636.000,578.000,0.000
nearly_sorted,msd_radix_sort,2700,1620.200,0.000,13118.000,598.000,0.000
nearly_sorted,msd_radix_sort,2800,1654.967,0.000,13610.000,622.000,0.000
nearly_sorted,msd_radix_sort,2900,1702.967,0.000,14088.000,639.000,0.000
nearly_sorted,msd_radix_sort,3000,1738.767,0.000,14576.000,658.000,0.000
nearly_sorted,quick_msd_radix_sort,100,21.333,490.000,616.000,1.000,4.000
nearly_sorted,quick_msd_radix_sort,200,43.767,966.000,1214.000,1.000,7.000
nearly_sorted,quick_msd_radix_sort,300,62.900,1489.000,1843.000,1.000,12.000
nearly_sorted,quick_msd_radix_sort,400,82.833,2013.000,2484.000,1.000,14.000
nearly_sorted,quick_msd_radix_sort,500,107.433,2572.000,3145.000,1.000,16.000
nearly_sorted,quick_msd_radix_sort,600,127.700,3114.000,3790.000,1.000,18.000
nearly_sorted,quick_msd_radix_sort,700,150.867,3676.000,4451.000,1.000,21.000
nearly_sorted,quick_msd_radix_sort,800,172.500,4190.000,5085.000,1.000,25.000
nearly_sorted,quick_msd_radix_sort,900,198.267,4721.000,5724.000,1.000,30.000
nearly_sorted,quick_msd_radix_sort,1000,216.067,5251.000,6364.000,1.000,35.000
nearly_sorted,quick_msd_radix_sort,1100,243.133,5801.000,6989.000,1.000,36.000
nearly_sorted,quick_msd_radix_sort,1200,258.967,6346.000,7663.000,1.000,42.000
nearly_sorted,quick_msd_radix_sort,1300,293.467,6854.000,8284.000,1.000,46.000
nearly_sorted,quick_msd_radix_sort,1400,309.067,7392.000,8919.000,1.000,49.000
nearly_sorted,quick_msd_radix_sort,1500,324.133,7978.000,9585.000,1.000,50.000
nearly_sorted,quick_msd_radix_sort,1600,353.300,8566.000,10270.000,1.000,54.000
nearly_sorted,quick_msd_radix_sort,1700,377.800,9150.000,10953.000,1.000,56.000
nearly_sorted,quick_msd_radix_sort,1800,394.700,9751.000,11650.000,1.000,57.000
nearly_sorted,quick_msd_radix_sort,1900,419.267,10326.000,12326.000,1.000,61.000
nearly_sorted,quick_msd_radix_sort,2000,441.133,10916.000,13000.000,1.000,63.000
nearly_sorted,quick_msd_radix_sort,2100,460.200,11459.000,13635.000,1.000,64.000
nearly_sorted,quick_msd_radix_sort,2200,494.300,12026.000,14287.000,1.000,65.000
nearly_sorted,quick_msd_radix_sort,2300,504.133,12655.000,15016.000,1.000,66.000
nearly_sorted,quick_msd_radix_sort,2400,549.533,13240.000,15692.000,1.000,67.000
nearly_sorted,quick_msd_radix_sort,2500,561.667,13965.000,16450.000,1.000,68.000
nearly_sorted,quick_msd_radix_sort,2600,587.767,14535.000,17115.000,1.000,69.000
nearly_sorted,quick_msd_radix_sort,2700,620.700,15154.000,17803.000,1.000,70.000
nearly_sorted,quick_msd_radix_sort,2800,633.900,15749.000,18496.000,1.000,73.000
nearly_sorted,quick_msd_radix_sort,2900,654.833,16275.000,19114.000,1.000,74.000
nearly_sorted,quick_msd_radix_sort,3000,690.767,16886.000,19829.000,1.000,74.000
nearly_sorted,standard_mergesort,100,37.233,671.000,0.000,0.000,0.000
nearly_sorted,standard_mergesort,200,92.600,1575.000,0.000,0.000,0.000
nearly_sorted,standard_mergesort,300,153.033,2588.000,0.000,0.000,0.000
nearly_sorted,standard_mergesort,400,223.667,3658.000,0.000,0.000,0.000
nearly_sorted,standard_mergesort,500,300.000,4996.000,0.000,0.000,0.000
nearly_sorted,standard_mergesort,600,355.933,5974.000,0.000,0.000,0.000
nearly_sorted,standard_mergesort,700,441.633,7185.000,0.000,0.000,0.000
nearly_sorted,standard_mergesort,800,516.367,8368.000,0.000,0.000,0.000
nearly_sorted,standard_mergesort,900,586.233,9614.000,0.000,0.000,0.000
nearly_sorted,standard_mergesort,1000,696.000,11129.000,0.000,0.000,0.000
nearly_sorted,standard_mergesort,1100,746.433,12250.000,0.000,0.000,0.000
nearly_sorted,standard_mergesort,1200,850.667,13470.000,0.000,0.000,0.000
nearly_sorted,standard_mergesort,1300,918.300,14826.000,0.000,0.000,0.000
nearly_sorted,standard_mergesort,1400,1001.667,16136.000,0.000,0.000,0.000
nearly_sorted,standard_mergesort,1500,1098.633,17490.000,0.000,0.000,0.000
nearly_sorted,standard_mergesort,1600,1224.067,18551.000,0.000,0.000,0.000
nearly_sorted,standard_mergesort,1700,1309.733,19985.000,0.000,0.000,0.000
nearly_sorted,standard_mergesort,1800,1370.067,21234.000,0.000,0.000,0.000
nearly_sorted,standard_mergesort,1900,1417.500,22725.000,0.000,0.000,0.000
nearly_sorted,standard_mergesort,2000,1537.267,24629.000,0.000,0.000,0.000
nearly_sorted,standard_mergesort,2100,1645.867,25913.000,0.000,0.000,0.000
nearly_sorted,standard_mergesort,2200,1746.733,26991.000,0.000,0.000,0.000
nearly_sorted,standard_mergesort,2300,1844.733,28439.000,0.000,0.000,0.000
nearly_sorted,standard_mergesort,2400,1899.733,29456.000,0.000,0.000,0.000
nearly_sorted,standard_mergesort,2500,2003.633,30688.000,0.000,0.000,0.000
nearly_sorted,standard_mergesort,2600,2082.467,31952.000,0.000,0.000,0.000
nearly_sorted,standard_mergesort,2700,2214.033,32942.000,0.000,0.000,0.000
nearly_sorted,standard_mergesort,2800,2289.000,34957.000,0.000,0.000,0.000
nearly_sorted,standard_mergesort,2900,2375.833,35470.000,0.000,0.000,0.000
nearly_sorted,standard_mergesort,3000,2444.833,37381.000,0.000,0.000,0.000
nearly_sorted,standard_quicksort,100,38.400,942.000,0.000,0.000,0.000
nearly_sorted,standard_quicksort,200,86.467,2201.000,0.000,0.000,0.000
nearly_sorted,standard_quicksort,300,156.533,3774.000,0.000,0.000,0.000
nearly_sorted,standard_quicksort,400,212.633,5314.000,0.000,0.000,0.000
nearly_sorted,standard_quicksort,500,304.733,7414.000,0.000,0.000,0.000
nearly_sorted,standard_quicksort,600,345.800,8497.000,0.000,0.000,0.000
nearly_sorted,standard_quicksort,700,397.833,9871.000,0.000,0.000,0.000
nearly_sorted,standard_quicksort,800,506.200,11995.000,0.000,0.000,0.000
nearly_sorted,standard_quicksort,900,564.767,13480.000,0.000,0.000,0.000
nearly_sorted,standard_quicksort,1000,629.500,14717.000,0.000,0.000,0.000
nearly_sorted,standard_quicksort,1100,725.133,17307.000,0.000,0.000,0.000
nearly_sorted,standard_quicksort,1200,824.267,19311.000,0.000,0.000,0.000
nearly_sorted,standard_quicksort,1300,877.633,21359.000,0.000,0.000,0.000
nearly_sorted,standard_quicksort,1400,876.533,21385.000,0.000,0.000,0.000
nearly_sorted,standard_quicksort,1500,1036.700,24294.000,0.000,0.000,0.000
nearly_sorted,standard_quicksort,1600,1125.933,26856.000,0.000,0.000,0.000
nearly_sorted,standard_quicksort,1700,1177.067,27437.000,0.000,0.000,0.000
nearly_sorted,standard_quicksort,1800,1251.433,29300.000,0.000,0.000,0.000
nearly_sorted,standard_quicksort,1900,1286.800,31559.000,0.000,0.000,0.000
nearly_sorted,standard_quicksort,2000,1378.633,32623.000,0.000,0.000,0.000
nearly_sorted,standard_quicksort,2100,1427.633,34056.000,0.000,0.000,0.000
nearly_sorted,standard_quicksort,2200,1511.567,36023.000,0.000,0.000,0.000
nearly_sorted,standard_quicksort,2300,1532.767,36438.000,0.000,0.000,0.000
nearly_sorted,standard_quicksort,2400,1599.100,38522.000,0.000,0.000,0.000
nearly_sorted,standard_quicksort,2500,1649.800,38977.000,0.000,0.000,0.000
nearly_sorted,standard_quicksort,2600,1652.167,39238.000,0.000,0.000,0.000
nearly_sorted,standard_quicksort,2700,1687.933,40719.000,0.000,0.000,0.000
nearly_sorted,standard_quicksort,2800,1712.500,40982.000,0.000,0.000,0.000
nearly_sorted,standard_quicksort,2900,1799.267,43372.000,0.000,0.000,0.000
nearly_sorted,standard_quicksort,3000,2029.700,46786.000,0.000,0.000,0.000
nearly_sorted,string_quicksort,100,16.167,886.000,641.000,0.000,0.000
nearly_sorted,string_quicksort,200,37.833,2121.000,1468.000,0.000,0.000
nearly_sorted,string_quicksort,300,68.767,3573.000,2378.000,0.000,0.000
nearly_sorted,string_quicksort,400,104.867,5543.000,3608.000,0.000,0.000
nearly_sorted,string_quicksort,500,123.600,6234.000,4230.000,0.000,0.000
nearly_sorted,string_quicksort,600,139.767,7086.000,5016.000,0.000,0.000
nearly_sorted,string_quicksort,700,179.433,9722.000,6490.000,0.000,0.000
nearly_sorted,string_quicksort,800,194.367,10547.000,7242.000,0.000,0.000
nearly_sorted,string_quicksort,900,230.467,12250.000,8350.000,0.000,0.000
nearly_sorted,string_quicksort,1000,250.700,13053.000,9102.000,0.000,0.000
nearly_sorted,string_quicksort,1100,278.133,14365.000,9999.000,0.000,0.000
nearly_sorted,string_quicksort,1200,315.767,15952.000,11197.000,0.000,0.000
nearly_sorted,string_quicksort,1300,350.333,17751.000,12210.000,0.000,0.000
nearly_sorted,string_quicksort,1400,362.133,18932.000,13096.000,0.000,0.000
nearly_sorted,string_quicksort,1500,388.300,20670.000,14231.000,0.000,0.000
nearly_sorted,string_quicksort,1600,420.800,22273.000,15383.000,0.000,0.000
nearly_sorted,string_quicksort,1700,471.100,23457.000,16308.000,0.000,0.000
nearly_sorted,string_quicksort,1800,495.867,24964.000,17392.000,0.000,0.000
nearly_sorted,string_quicksort,1900,513.400,26677.000,18537.000,0.000,0.000
nearly_sorted,string_quicksort,2000,552.300,28177.000,19697.000,0.000,0.000
nearly_sorted,string_quicksort,2100,571.200,29950.000,20757.000,0.000,0.000
nearly_sorted,string_quicksort,2200,610.667,31121.000,21722.000,0.000,0.000
nearly_sorted,string_quicksort,2300,636.433,33761.000,23206.000,0.000,0.000
nearly_sorted,string_quicksort,2400,663.733,36222.000,24623.000,0.000,0.000
nearly_sorted,string_quicksort,2500,733.200,37038.000,25963.000,0.000,0.000
nearly_sorted,string_quicksort,2600,746.700,39151.000,26847.000,0.000,0.000
nearly_sorted,string_quicksort,2700,777.800,39816.000,28110.000,0.000,0.000
nearly_sorted,string_quicksort,2800,788.933,41344.000,29009.000,0.000,0.000
nearly_sorted,string_quicksort,2900,867.500,42574.000,29969.000,0.000,0.000
nearly_sorted,string_quicksort,3000,909.767,44384.000,31769.000,0.000,0.000
prefix_150,lcp_mergesort,100,819.233,82672.000,0.000,0.000,0.000
prefix_150,lcp_mergesort,200,1931.667,195891.000,0.000,0.000,0.000
prefix_150,lcp_mergesort,300,3134.033,321026.000,0.000,0.000,0.000
prefix_150,lcp_mergesort,400,4439.467,454556.000,0.000,0.000,0.000
prefix_150,lcp_mergesort,500,5728.433,584739.000,0.000,0.000,0.000
prefix_150,lcp_mergesort,600,7170.900,732581.000,0.000,0.000,0.000
prefix_150,lcp_mergesort,700,8558.233,874863.000,0.000,0.000,0.000
prefix_150,lcp_mergesort,800,10279.733,1027913.000,0.000,0.000,0.000
prefix_150,lcp_mergesort,900,11622.833,1174314.000,0.000,0.000,0.000
prefix_150,lcp_mergesort,1000,12942.800,1325179.000,0.000,0.000,0.000
prefix_150,lcp_mergesort,1100,14550.300,1485430.000,0.000,0.000,0.000
prefix_150,lcp_mergesort,1200,16239.300,1646899.000,0.000,0.000,0.000
prefix_150,lcp_mergesort,1300,17806.100,1807040.000,0.000,0.000,0.000
prefix_150,lcp_mergesort,1400,19231.367,1963909.000,0.000,0.000,0.000
prefix_150,lcp_mergesort,1500,21208.967,2127293.000,0.000,0.000,0.000
prefix_150,lcp_mergesort,1600,22448.967,2297208.000,0.000,0.000,0.000
prefix_150,lcp_mergesort,1700,23998.000,2459021.000,0.000,0.000,0.000
prefix_150,lcp_mergesort,1800,26129.267,2625572.000,0.000,0.000,0.000
prefix_150,lcp_mergesort,1900,27138.400,2792878.000,0.000,0.000,0.000
prefix_150,lcp_mergesort,2000,29394.233,2959293.000,0.000,0.000,0.000
prefix_150,lcp_mergesort,2100,31210.667,3130352.000,0.000,0.000,0.000
prefix_150,lcp_mergesort,2200,32239.967,3304068.000,0.000,0.000,0.000
prefix_150,lcp_mergesort,2300,33953.433,3480083.000,0.000,0.000,0.000
prefix_150,lcp_mergesort,2400,36413.700,3656145.000,0.000,0.000,0.000
prefix_150,lcp_mergesort,2500,37402.033,3829664.000,0.000,0.000,0.000
prefix_150,lcp_mergesort,2600,38830.267,4007213.000,0.000,0.000,0.000
prefix_150,lcp_mergesort,2700,40706.833,4187381.000,0.000,0.000,0.000
prefix_150,lcp_mergesort,2800,42427.400,4359392.000,0.000,0.000,0.000
prefix_150,lcp_mergesort,2900,44392.667,4541699.000,0.000,0.000,0.000
prefix_150,lcp_mergesort,3000,46040.233,4715015.000,0.000,0.000,0.000
prefix_150,msd_radix_sort,100,933.100,0.000,30344.000,179.000,0.000
prefix_150,msd_radix_sort,200,1602.633,0.000,60776.000,208.000,0.000
prefix_150,msd_radix_sort,300,2201.767,0.000,91200.000,224.000,0.000
prefix_150,msd_radix_sort,400,2909.567,0.000,121636.000,236.000,0.000
prefix_150,msd_radix_sort,500,3527.767,0.000,152044.000,239.000,0.000
prefix_150,msd_radix_sort,600,4144.767,0.000,182460.000,245.000,0.000
prefix_150,msd_radix_sort,700,4768.900,0.000,212894.000,253.000,0.000
prefix_150,msd_radix_sort,800,5501.667,0.000,243352.000,268.000,0.000
prefix_150,msd_radix_sort,900,6069.200,0.000,273812.000,284.000,0.000
prefix_150,msd_radix_sort,1000,6743.300,0.000,304268.000,298.000,0.000
prefix_150,msd_radix_sort,1100,7396.300,0.000,334724.000,312.000,0.000
prefix_150,msd_radix_sort,1200,8069.933,0.000,365186.000,327.000,0.000
prefix_150,msd_radix_sort,1300,8718.967,0.000,395646.000,340.000,0.000
prefix_150,msd_radix_sort,1400,9440.400,0.000,426140.000,362.000,0.000
prefix_150,msd_radix_sort,1500,10076.000,0.000,456630.000,383.000,0.000
prefix_150,msd_radix_sort,1600,10801.800,0.000,487104.000,400.000,0.000
prefix_150,msd_radix_sort,1700,11345.133,0.000,517570.000,416.000,0.000
prefix_150,msd_radix_sort,1800,12062.933,0.000,548116.000,453.000,0.000
prefix_150,msd_radix_sort,1900,12785.067,0.000,578604.000,474.000,0.000
prefix_150,msd_radix_sort,2000,13443.833,0.000,609092.000,497.000,0.000
prefix_150,msd_radix_sort,2100,14029.733,0.000,639612.000,524.000,0.000
prefix_150,msd_radix_sort,2200,14769.400,0.000,670122.000,550.000,0.000
prefix_150,msd_radix_sort,2300,15419.200,0.000,700634.000,577.000,0.000
prefix_150,msd_radix_sort,2400,16033.333,0.000,731178.000,611.000,0.000
prefix_150,msd_radix_sort,2500,16720.800,0.000,761706.000,639.000,0.000
prefix_150,msd_radix_sort,2600,17428.000,0.000,792256.000,673.000,0.000
prefix_150,msd_radix_sort,2700,18081.433,0.000,822798.000,705.000,0.000
prefix_150,msd_radix_sort,2800,18807.733,0.000,853338.000,737.000,0.000
prefix_150,msd_radix_sort,2900,19539.167,0.000,883890.000,772.000,0.000
prefix_150,msd_radix_sort,3000,20191.367,0.000,914378.000,792.000,0.000
prefix_150,quick_msd_radix_sort,100,866.467,76.000,30292.000,151.000,28.000
prefix_150,quick_msd_radix_sort,200,1438.233,276.000,60692.000,151.000,53.000
prefix_150,quick_msd_radix_sort,300,2037.600,593.000,91165.000,151.000,67.000
prefix_150,quick_msd_radix_sort,400,2751.300,976.000,121699.000,151.000,73.000
prefix_150,quick_msd_radix_sort,500,3391.800,1409.000,152249.000,151.000,73.000
prefix_150,quick_msd_radix_sort,600,4034.567,1805.000,182842.000,151.000,74.000
prefix_150,quick_msd_radix_sort,700,4668.100,2406.000,213527.000,151.000,74.000
prefix_150,quick_msd_radix_sort,800,5317.267,3132.000,244224.000,151.000,74.000
prefix_150,quick_msd_radix_sort,900,5905.867,3702.000,274962.000,151.000,74.000
prefix_150,quick_msd_radix_sort,1000,6528.900,4229.000,305555.000,151.000,74.000
prefix_150,quick_msd_radix_sort,1100,7216.867,4924.000,336267.000,151.000,74.000
prefix_150,quick_msd_radix_sort,1200,7824.633,5364.000,366913.000,151.000,74.000
prefix_150,quick_msd_radix_sort,1300,8410.033,6134.000,397733.000,151.000,74.000
prefix_150,quick_msd_radix_sort,1400,9099.833,6994.000,428470.000,151.000,74.000
prefix_150,quick_msd_radix_sort,1500,9774.233,7666.000,459236.000,151.000,74.000
prefix_150,quick_msd_radix_sort,1600,10463.933,8445.000,490134.000,151.000,74.000
prefix_150,quick_msd_radix_sort,1700,11052.733,9555.000,521112.000,151.000,74.000
prefix_150,quick_msd_radix_sort,1800,11648.133,10384.000,551918.000,151.000,74.000
prefix_150,quick_msd_radix_sort,1900,12257.300,10842.000,582496.000,151.000,74.000
prefix_150,quick_msd_radix_sort,2000,12921.100,11735.000,613356.000,151.000,74.000
prefix_150,quick_msd_radix_sort,2100,13459.333,12248.000,644031.000,151.000,74.000
prefix_150,quick_msd_radix_sort,2200,14105.967,13051.000,674833.000,151.000,74.000
prefix_150,quick_msd_radix_sort,2300,14867.800,14136.000,705838.000,151.000,74.000
prefix_150,quick_msd_radix_sort,2400,15437.400,14580.000,736525.000,151.000,74.000
prefix_150,quick_msd_radix_sort,2500,16036.333,15205.000,767184.000,151.000,74.000
prefix_150,quick_msd_radix_sort,2600,16668.533,16527.000,798262.000,151.000,74.000
prefix_150,quick_msd_radix_sort,2700,17283.133,17587.000,829397.000,151.000,74.000
prefix_150,quick_msd_radix_sort,2800,17946.000,17847.000,859759.000,151.000,74.000
prefix_150,quick_msd_radix_sort,2900,18520.133,19224.000,890852.000,151.000,74.000
prefix_150,quick_msd_radix_sort,3000,19210.767,19952.000,921790.000,151.000,74.000
prefix_150,standard_mergesort,100,1517.100,82164.000,0.000,0.000,0.000
prefix_150,standard_mergesort,200,3587.633,194648.000,0.000,0.000,0.000
prefix_150,standard_mergesort,300,5850.400,318967.000,0.000,0.000,0.000
prefix_150,standard_mergesort,400,8275.167,451634.000,0.000,0.000,0.000
prefix_150,standard_mergesort,500,10643.833,581003.000,0.000,0.000,0.000
prefix_150,standard_mergesort,600,13319.433,727907.000,0.000,0.000,0.000
prefix_150,standard_mergesort,700,15885.400,869277.000,0.000,0.000,0.000
prefix_150,standard_mergesort,800,18703.067,1021357.000,0.000,0.000,0.000
prefix_150,standard_mergesort,900,21586.567,1166830.000,0.000,0.000,0.000
prefix_150,standard_mergesort,1000,24485.267,1316732.000,0.000,0.000,0.000
prefix_150,standard_mergesort,1100,27670.567,1475976.000,0.000,0.000,0.000
prefix_150,standard_mergesort,1200,29986.767,1636416.000,0.000,0.000,0.000
prefix_150,standard_mergesort,1300,32836.800,1795550.000,0.000,0.000,0.000
prefix_150,standard_mergesort,1400,36498.833,1951393.000,0.000,0.000,0.000
prefix_150,standard_mergesort,1500,38641.633,2113725.000,0.000,0.000,0.000
prefix_150,standard_mergesort,1600,41802.600,2282556.000,0.000,0.000,0.000
prefix_150,standard_mergesort,1700,44700.600,2443350.000,0.000,0.000,0.000
prefix_150,standard_mergesort,1800,47755.867,2608842.000,0.000,0.000,0.000
prefix_150,standard_mergesort,1900,51221.333,2775109.000,0.000,0.000,0.000
prefix_150,standard_mergesort,2000,53903.967,2940473.000,0.000,0.000,0.000
prefix_150,standard_mergesort,2100,57187.533,3110439.000,0.000,0.000,0.000
prefix_150,standard_mergesort,2200,61417.500,3283066.000,0.000,0.000,0.000
prefix_150,standard_mergesort,2300,64692.333,3457970.000,0.000,0.000,0.000
prefix_150,standard_mergesort,2400,66985.633,3632901.000,0.000,0.000,0.000
prefix_150,standard_mergesort,2500,70417.500,3805316.000,0.000,0.000,0.000
prefix_150,standard_mergesort,2600,73518.500,3981736.000,0.000,0.000,0.000
prefix_150,standard_mergesort,2700,77679.500,4160756.000,0.000,0.000,0.000
prefix_150,standard_mergesort,2800,80099.733,4331682.000,0.000,0.000,0.000
prefix_150,standard_mergesort,2900,82394.533,4512827.000,0.000,0.000,0.000
prefix_150,standard_mergesort,3000,85525.900,4685057.000,0.000,0.000,0.000
prefix_150,standard_quicksort,100,1725.867,94715.000,0.000,0.000,0.000
prefix_150,standard_quicksort,200,5266.833,285227.000,0.000,0.000,0.000
prefix_150,standard_quicksort,300,6198.400,342368.000,0.000,0.000,0.000
prefix_150,standard_quicksort,400,10308.100,569742.000,0.000,0.000,0.000
prefix_150,standard_quicksort,500,12429.367,687054.000,0.000,0.000,0.000
prefix_150,standard_quicksort,600,15895.633,878228.000,0.000,0.000,0.000
prefix_150,standard_quicksort,700,19780.467,1093935.000,0.000,0.000,0.000
prefix_150,standard_quicksort,800,23651.567,1311248.000,0.000,0.000,0.000
prefix_150,standard_quicksort,900,27513.233,1495620.000,0.000,0.000,0.000
prefix_150,standard_quicksort,1000,30654.233,1657804.000,0.000,0.000,0.000
prefix_150,standard_quicksort,1100,32212.267,1740330.000,0.000,0.000,0.000
prefix_150,standard_quicksort,1200,38571.167,2140133.000,0.000,0.000,0.000
prefix_150,standard_quicksort,1300,39577.033,2174894.000,0.000,0.000,0.000
prefix_150,standard_quicksort,1400,44349.333,2458304.000,0.000,0.000,0.000
prefix_150,standard_quicksort,1500,47688.867,2637730.000,0.000,0.000,0.000
prefix_150,standard_quicksort,1600,51633.600,2787174.000,0.000,0.000,0.000
prefix_150,standard_quicksort,1700,53228.700,2938673.000,0.000,0.000,0.000
prefix_150,standard_quicksort,1800,62439.233,3405855.000,0.000,0.000,0.000
prefix_150,standard_quicksort,1900,62074.233,3399643.000,0.000,0.000,0.000
prefix_150,standard_quicksort,2000,70002.733,3881855.000,0.000,0.000,0.000
prefix_150,standard_quicksort,2100,70833.300,3832098.000,0.000,0.000,0.000
prefix_150,standard_quicksort,2200,71814.400,3906539.000,0.000,0.000,0.000
prefix_150,standard_quicksort,2300,72603.900,4002585.000,0.000,0.000,0.000
prefix_150,standard_quicksort,2400,80930.633,4463353.000,0.000,0.000,0.000
prefix_150,standard_quicksort,2500,82378.833,4555489.000,0.000,0.000,0.000
prefix_150,standard_quicksort,2600,89373.200,4945215.000,0.000,0.000,0.000
prefix_150,standard_quicksort,2700,93122.400,5090823.000,0.000,0.000,0.000
prefix_150,standard_quicksort,2800,97334.833,5272568.000,0.000,0.000,0.000
prefix_150,standard_quicksort,2900,104957.267,5833017.000,0.000,0.000,0.000
prefix_150,standard_quicksort,3000,105149.400,5818444.000,0.000,0.000,0.000
prefix_150,string_quicksort,100,211.867,30662.000,15708.000,0.000,0.000
prefix_150,string_quicksort,200,429.900,62014.000,31910.000,0.000,0.000
prefix_150,string_quicksort,300,659.300,93095.000,47490.000,0.000,0.000
prefix_150,string_quicksort,400,880.933,124874.000,63674.000,0.000,0.000
prefix_150,string_quicksort,500,1051.333,156060.000,79440.000,0.000,0.000
prefix_150,string_quicksort,600,1261.267,187041.000,95216.000,0.000,0.000
prefix_150,string_quicksort,700,1481.500,218820.000,111435.000,0.000,0.000
prefix_150,string_quicksort,800,1707.333,251480.000,128011.000,0.000,0.000
prefix_150,string_quicksort,900,1935.367,282296.000,144610.000,0.000,0.000
prefix_150,string_quicksort,1000,2135.000,313952.000,160121.000,0.000,0.000
prefix_150,string_quicksort,1100,2459.733,345833.000,176583.000,0.000,0.000
prefix_150,string_quicksort,1200,2692.700,379092.000,192879.000,0.000,0.000
prefix_150,string_quicksort,1300,2810.767,408646.000,208701.000,0.000,0.000
prefix_150,string_quicksort,1400,3144.067,445424.000,227021.000,0.000,0.000
prefix_150,string_quicksort,1500,3281.700,473412.000,241539.000,0.000,0.000
prefix_150,string_quicksort,1600,3413.700,502971.000,257004.000,0.000,0.000
prefix_150,string_quicksort,1700,3705.133,535765.000,273879.000,0.000,0.000
prefix_150,string_quicksort,1800,3994.633,569450.000,290605.000,0.000,0.000
prefix_150,string_quicksort,1900,4095.033,600754.000,306221.000,0.000,0.000
prefix_150,string_quicksort,2000,4344.433,629522.000,321503.000,0.000,0.000
prefix_150,string_quicksort,2100,4627.900,661250.000,337321.000,0.000,0.000
prefix_150,string_quicksort,2200,4857.967,693737.000,354376.000,0.000,0.000
prefix_150,string_quicksort,2300,5107.567,724885.000,370583.000,0.000,0.000
prefix_150,string_quicksort,2400,5375.967,761237.000,388738.000,0.000,0.000
prefix_150,string_quicksort,2500,5445.867,794034.000,405604.000,0.000,0.000
prefix_150,string_quicksort,2600,5763.267,822181.000,418824.000,0.000,0.000
prefix_150,string_quicksort,2700,6109.333,861742.000,441049.000,0.000,0.000
prefix_150,string_quicksort,2800,6189.367,888389.000,453722.000,0.000,0.000
prefix_150,string_quicksort,2900,6306.967,917998.000,469137.000,0.000,0.000
prefix_150,string_quicksort,3000,6567.700,948872.000,485663.000,0.000,0.000
prefix_25,lcp_mergesort,100,192.633,14911.000,0.000,0.000,0.000
prefix_25,lcp_mergesort,200,450.667,35077.000,0.000,0.000,0.000
prefix_25,lcp_mergesort,300,708.633,56841.000,0.000,0.000,0.000
prefix_25,lcp_mergesort,400,1024.100,80564.000,0.000,0.000,0.000
prefix_25,lcp_mergesort,500,1342.800,105312.000,0.000,0.000,0.000
prefix_25,lcp_mergesort,600,1656.100,130335.000,0.000,0.000,0.000
prefix_25,lcp_mergesort,700,1987.067,156986.000,0.000,0.000,0.000
prefix_25,lcp_mergesort,800,2326.833,183042.000,0.000,0.000,0.000
prefix_25,lcp_mergesort,900,2628.300,210169.000,0.000,0.000,0.000
prefix_25,lcp_mergesort,1000,2955.467,237971.000,0.000,0.000,0.000
prefix_25,lcp_mergesort,1100,3380.800,265561.000,0.000,0.000,0.000
prefix_25,lcp_mergesort,1200,3643.533,294584.000,0.000,0.000,0.000
prefix_25,lcp_mergesort,1300,4011.700,322892.000,0.000,0.000,0.000
prefix_25,lcp_mergesort,1400,4390.067,352981.000,0.000,0.000,0.000
prefix_25,lcp_mergesort,1500,4848.367,382075.000,0.000,0.000,0.000
prefix_25,lcp_mergesort,1600,5128.367,411337.000,0.000,0.000,0.000
prefix_25,lcp_mergesort,1700,5504.500,441675.000,0.000,0.000,0.000
prefix_25,lcp_mergesort,1800,5889.400,471557.000,0.000,0.000,0.000
prefix_25,lcp_mergesort,1900,6251.133,501308.000,0.000,0.000,0.000
prefix_25,lcp_mergesort,2000,6663.700,532574.000,0.000,0.000,0.000
prefix_25,lcp_mergesort,2100,7030.900,562691.000,0.000,0.000,0.000
prefix_25,lcp_mergesort,2200,7401.467,593263.000,0.000,0.000,0.000
prefix_25,lcp_mergesort,2300,7972.200,625250.000,0.000,0.000,0.000
prefix_25,lcp_mergesort,2400,8363.100,657679.000,0.000,0.000,0.000
prefix_25,lcp_mergesort,2500,8653.967,689203.000,0.000,0.000,0.000
prefix_25,lcp_mergesort,2600,8964.900,719982.000,0.000,0.000,0.000
prefix_25,lcp_mergesort,2700,9339.233,753562.000,0.000,0.000,0.000
prefix_25,lcp_mergesort,2800,9750.333,784845.000,0.000,0.000,0.000
prefix_25,lcp_mergesort,2900,10138.100,816065.000,0.000,0.000,0.000
prefix_25,lcp_mergesort,3000,10814.733,847951.000,0.000,0.000,0.000
prefix_25,msd_radix_sort,100,213.700,0.000,5362.000,57.000,0.000
prefix_25,msd_radix_sort,200,378.500,0.000,10786.000,81.000,0.000
prefix_25,msd_radix_sort,300,530.133,0.000,16228.000,102.000,0.000
prefix_25,msd_radix_sort,400,693.067,0.000,21656.000,112.000,0.000
prefix_25,msd_radix_sort,500,845.800,0.000,27082.000,120.000,0.000
prefix_25,msd_radix_sort,600,960.933,0.000,32516.000,129.000,0.000
prefix_25,msd_radix_sort,700,1108.333,0.000,37946.000,136.000,0.000
prefix_25,msd_radix_sort,800,1256.100,0.000,43402.000,149.000,0.000
prefix_25,msd_radix_sort,900,1406.767,0.000,48852.000,161.000,0.000
prefix_25,msd_radix_sort,1000,1542.267,0.000,54292.000,171.000,0.000
prefix_25,msd_radix_sort,1100,1722.667,0.000,59772.000,191.000,0.000
prefix_25,msd_radix_sort,1200,1911.933,0.000,65236.000,207.000,0.000
prefix_25,msd_radix_sort,1300,2017.500,0.000,70706.000,222.000,0.000
prefix_25,msd_radix_sort,1400,2220.467,0.000,76190.000,242.000,0.000
prefix_25,msd_radix_sort,1500,2350.733,0.000,81658.000,257.000,0.000
prefix_25,msd_radix_sort,1600,2560.300,0.000,87170.000,285.000,0.000
prefix_25,msd_radix_sort,1700,2716.433,0.000,92654.000,305.000,0.000
prefix_25,msd_radix_sort,1800,2889.000,0.000,98142.000,325.000,0.000
prefix_25,msd_radix_sort,1900,3056.900,0.000,103666.000,352.000,0.000
prefix_25,msd_radix_sort,2000,3226.700,0.000,109174.000,376.000,0.000
prefix_25,msd_radix_sort,2100,3394.500,0.000,114644.000,393.000,0.000
prefix_25,msd_radix_sort,2200,3567.833,0.000,120158.000,419.000,0.000
prefix_25,msd_radix_sort,2300,3756.067,0.000,125648.000,440.000,0.000
prefix_25,msd_radix_sort,2400,3954.867,0.000,131202.000,477.000,0.000
prefix_25,msd_radix_sort,2500,4102.400,0.000,136720.000,504.000,0.000
prefix_25,msd_radix_sort,2600,4314.233,0.000,142246.000,534.000,0.000
prefix_25,msd_radix_sort,2700,4506.500,0.000,147818.000,573.000,0.000
prefix_25,msd_radix_sort,2800,4695.500,0.000,153386.000,609.000,0.000
prefix_25,msd_radix_sort,2900,4897.100,0.000,158932.000,642.000,0.000
prefix_25,msd_radix_sort,3000,5113.933,0.000,164464.000,668.000,0.000
prefix_25,quick_msd_radix_sort,100,159.767,92.000,5306.000,26.000,29.000
prefix_25,quick_msd_radix_sort,200,279.433,336.000,10726.000,26.000,49.000
prefix_25,quick_msd_radix_sort,300,406.700,642.000,16218.000,26.000,65.000
prefix_25,quick_msd_radix_sort,400,540.500,1111.000,21781.000,26.000,70.000
prefix_25,quick_msd_radix_sort,500,678.767,1496.000,27326.000,26.000,72.000
prefix_25,quick_msd_radix_sort,600,784.467,1993.000,32902.000,26.000,74.000
prefix_25,quick_msd_radix_sort,700,958.000,2608.000,38557.000,26.000,74.000
prefix_25,quick_msd_radix_sort,800,1064.233,3133.000,44241.000,26.000,74.000
prefix_25,quick_msd_radix_sort,900,1191.967,3821.000,49958.000,26.000,74.000
prefix_25,quick_msd_radix_sort,1000,1315.400,4509.000,55707.000,26.000,74.000
prefix_25,quick_msd_radix_sort,1100,1466.400,5226.000,61372.000,26.000,74.000
prefix_25,quick_msd_radix_sort,1200,1598.933,5667.000,66984.000,26.000,74.000
prefix_25,quick_msd_radix_sort,1300,1747.633,6335.000,72716.000,26.000,74.000
prefix_25,quick_msd_radix_sort,1400,1864.367,7180.000,78528.000,26.000,74.000
prefix_25,quick_msd_radix_sort,1500,1988.567,8026.000,84408.000,26.000,74.000
prefix_25,quick_msd_radix_sort,1600,2163.800,8734.000,90222.000,26.000,74.000
prefix_25,quick_msd_radix_sort,1700,2274.000,9547.000,96047.000,26.000,74.000
prefix_25,quick_msd_radix_sort,1800,2401.800,10584.000,101861.000,26.000,74.000
prefix_25,quick_msd_radix_sort,1900,2563.767,11107.000,107541.000,26.000,74.000
prefix_25,quick_msd_radix_sort,2000,2699.667,12392.000,113506.000,26.000,74.000
prefix_25,quick_msd_radix_sort,2100,2842.800,13260.000,119491.000,26.000,74.000
prefix_25,quick_msd_radix_sort,2200,2969.633,13834.000,125114.000,26.000,74.000
prefix_25,quick_msd_radix_sort,2300,3161.800,14575.000,130880.000,26.000,74.000
prefix_25,quick_msd_radix_sort,2400,3319.733,15781.000,137064.000,26.000,74.000
prefix_25,quick_msd_radix_sort,2500,3401.533,16866.000,142830.000,26.000,74.000
prefix_25,quick_msd_radix_sort,2600,3573.267,17373.000,148492.000,26.000,74.000
prefix_25,quick_msd_radix_sort,2700,3680.067,17528.000,154071.000,26.000,74.000
prefix_25,quick_msd_radix_sort,2800,3821.333,18892.000,160192.000,26.000,74.000
prefix_25,quick_msd_radix_sort,2900,3986.867,20157.000,166315.000,26.000,74.000
prefix_25,quick_msd_radix_sort,3000,4113.133,21590.000,172563.000,26.000,74.000
prefix_25,standard_mergesort,100,304.633,14364.000,0.000,0.000,0.000
prefix_25,standard_mergesort,200,709.500,33789.000,0.000,0.000,0.000
prefix_25,standard_mergesort,300,1176.000,54767.000,0.000,0.000,0.000
prefix_25,standard_mergesort,400,1623.700,77629.000,0.000,0.000,0.000
prefix_25,standard_mergesort,500,2123.267,101474.000,0.000,0.000,0.000
prefix_25,standard_mergesort,600,2661.767,125595.000,0.000,0.000,0.000
prefix_25,standard_mergesort,700,3183.167,151272.000,0.000,0.000,0.000
prefix_25,standard_mergesort,800,3721.333,176377.000,0.000,0.000,0.000
prefix_25,standard_mergesort,900,4152.000,202526.000,0.000,0.000,0.000
prefix_25,standard_mergesort,1000,4691.967,229324.000,0.000,0.000,0.000
prefix_25,standard_mergesort,1100,5256.200,255918.000,0.000,0.000,0.000
prefix_25,standard_mergesort,1200,5953.033,283893.000,0.000,0.000,0.000
prefix_25,standard_mergesort,1300,6376.833,311178.000,0.000,0.000,0.000
prefix_25,standard_mergesort,1400,6978.333,340177.000,0.000,0.000,0.000
prefix_25,standard_mergesort,1500,7729.967,368217.000,0.000,0.000,0.000
prefix_25,standard_mergesort,1600,8190.667,396421.000,0.000,0.000,0.000
prefix_25,standard_mergesort,1700,8781.833,425669.000,0.000,0.000,0.000
prefix_25,standard_mergesort,1800,9344.567,454472.000,0.000,0.000,0.000
prefix_25,standard_mergesort,1900,9943.900,483143.000,0.000,0.000,0.000
prefix_25,standard_mergesort,2000,10587.000,513284.000,0.000,0.000,0.000
prefix_25,standard_mergesort,2100,11191.833,542315.000,0.000,0.000,0.000
prefix_25,standard_mergesort,2200,11874.433,571785.000,0.000,0.000,0.000
prefix_25,standard_mergesort,2300,12472.400,602622.000,0.000,0.000,0.000
prefix_25,standard_mergesort,2400,13263.367,633895.000,0.000,0.000,0.000
prefix_25,standard_mergesort,2500,13932.733,664284.000,0.000,0.000,0.000
prefix_25,standard_mergesort,2600,14263.333,693975.000,0.000,0.000,0.000
prefix_25,standard_mergesort,2700,14938.800,726333.000,0.000,0.000,0.000
prefix_25,standard_mergesort,2800,15515.700,756495.000,0.000,0.000,0.000
prefix_25,standard_mergesort,2900,16135.067,786583.000,0.000,0.000,0.000
prefix_25,standard_mergesort,3000,17139.200,817323.000,0.000,0.000,0.000
prefix_25,standard_quicksort,100,415.733,20993.000,0.000,0.000,0.000
prefix_25,standard_quicksort,200,814.367,41513.000,0.000,0.000,0.000
prefix_25,standard_quicksort,300,1519.933,77478.000,0.000,0.000,0.000
prefix_25,standard_quicksort,400,1837.633,93920.000,0.000,0.000,0.000
prefix_25,standard_quicksort,500,2295.967,113378.000,0.000,0.000,0.000
prefix_25,standard_quicksort,600,3070.167,156378.000,0.000,0.000,0.000
prefix_25,standard_quicksort,700,3736.300,189054.000,0.000,0.000,0.000
prefix_25,standard_quicksort,800,4354.500,222204.000,0.000,0.000,0.000
prefix_25,standard_quicksort,900,4578.833,235757.000,0.000,0.000,0.000
prefix_25,standard_quicksort,1000,5338.433,277217.000,0.000,0.000,0.000
prefix_25,standard_quicksort,1100,5808.833,301246.000,0.000,0.000,0.000
prefix_25,standard_quicksort,1200,7525.333,383563.000,0.000,0.000,0.000
prefix_25,standard_quicksort,1300,8141.333,427830.000,0.000,0.000,0.000
prefix_25,standard_quicksort,1400,8731.033,456594.000,0.000,0.000,0.000
prefix_25,standard_quicksort,1500,10255.167,524096.000,0.000,0.000,0.000
prefix_25,standard_quicksort,1600,9721.933,506453.000,0.000,0.000,0.000
prefix_25,standard_quicksort,1700,10110.467,524040.000,0.000,0.000,0.000
prefix_25,standard_quicksort,1800,10221.000,532468.000,0.000,0.000,0.000
prefix_25,standard_quicksort,1900,11548.033,602084.000,0.000,0.000,0.000
prefix_25,standard_quicksort,2000,12706.300,659183.000,0.000,0.000,0.000
prefix_25,standard_quicksort,2100,12585.900,652678.000,0.000,0.000,0.000
prefix_25,standard_quicksort,2200,14277.033,742193.000,0.000,0.000,0.000
prefix_25,standard_quicksort,2300,14412.567,747634.000,0.000,0.000,0.000
prefix_25,standard_quicksort,2400,15677.867,804701.000,0.000,0.000,0.000
prefix_25,standard_quicksort,2500,16371.733,838280.000,0.000,0.000,0.000
prefix_25,standard_quicksort,2600,16663.100,871653.000,0.000,0.000,0.000
prefix_25,standard_quicksort,2700,17794.767,931277.000,0.000,0.000,0.000
prefix_25,standard_quicksort,2800,17086.033,892824.000,0.000,0.000,0.000
prefix_25,standard_quicksort,2900,19543.233,1024484.000,0.000,0.000,0.000
prefix_25,standard_quicksort,3000,19723.067,1011997.000,0.000,0.000,0.000
prefix_25,string_quicksort,100,53.233,6069.000,3272.000,0.000,0.000
prefix_25,string_quicksort,200,105.267,12063.000,6488.000,0.000,0.000
prefix_25,string_quicksort,300,168.967,18512.000,10227.000,0.000,0.000
prefix_25,string_quicksort,400,231.733,24929.000,13468.000,0.000,0.000
prefix_25,string_quicksort,500,287.067,31605.000,17028.000,0.000,0.000
prefix_25,string_quicksort,600,363.533,38211.000,20934.000,0.000,0.000
prefix_25,string_quicksort,700,400.067,44482.000,24213.000,0.000,0.000
prefix_25,string_quicksort,800,475.967,51745.000,28064.000,0.000,0.000
prefix_25,string_quicksort,900,515.367,57923.000,31596.000,0.000,0.000
prefix_25,string_quicksort,1000,612.367,66868.000,36364.000,0.000,0.000
prefix_25,string_quicksort,1100,643.633,70490.000,38113.000,0.000,0.000
prefix_25,string_quicksort,1200,731.167,79231.000,43283.000,0.000,0.000
prefix_25,string_quicksort,1300,773.800,84496.000,46040.000,0.000,0.000
prefix_25,string_quicksort,1400,825.533,91952.000,49929.000,0.000,0.000
prefix_25,string_quicksort,1500,912.933,98964.000,53333.000,0.000,0.000
prefix_25,string_quicksort,1600,964.333,103985.000,56706.000,0.000,0.000
prefix_25,string_quicksort,1700,1016.067,111611.000,60809.000,0.000,0.000
prefix_25,string_quicksort,1800,1118.600,119462.000,65566.000,0.000,0.000
prefix_25,string_quicksort,1900,1137.133,126539.000,68638.000,0.000,0.000
prefix_25,string_quicksort,2000,1235.633,134035.000,73246.000,0.000,0.000
prefix_25,string_quicksort,2100,1323.333,144064.000,78805.000,0.000,0.000
prefix_25,string_quicksort,2200,1335.467,147869.000,80100.000,0.000,0.000
prefix_25,string_quicksort,2300,1449.467,156769.000,84947.000,0.000,0.000
prefix_25,string_quicksort,2400,1539.100,160688.000,88742.000,0.000,0.000
prefix_25,string_quicksort,2500,1558.133,165581.000,90034.000,0.000,0.000
prefix_25,string_quicksort,2600,1619.733,177132.000,96549.000,0.000,0.000
prefix_25,string_quicksort,2700,1679.600,180840.000,99925.000,0.000,0.000
prefix_25,string_quicksort,2800,1774.467,193118.000,105600.000,0.000,0.000
prefix_25,string_quicksort,2900,1775.367,195163.000,106284.000,0.000,0.000
prefix_25,string_quicksort,3000,1926.133,206304.000,112430.000,0.000,0.000
prefix_75,lcp_mergesort,100,433.900,41553.000,0.000,0.000,0.000
prefix_75,lcp_mergesort,200,1066.333,99368.000,0.000,0.000,0.000
prefix_75,lcp_mergesort,300,1697.900,161127.000,0.000,0.000,0.000
prefix_75,lcp_mergesort,400,2425.433,229403.000,0.000,0.000,0.000
prefix_75,lcp_mergesort,500,3095.567,298999.000,0.000,0.000,0.000
prefix_75,lcp_mergesort,600,3820.067,370281.000,0.000,0.000,0.000
prefix_75,lcp_mergesort,700,4612.000,446394.000,0.000,0.000,0.000
prefix_75,lcp_mergesort,800,5368.033,520053.000,0.000,0.000,0.000
prefix_75,lcp_mergesort,900,6296.267,596768.000,0.000,0.000,0.000
prefix_75,lcp_mergesort,1000,6967.533,675792.000,0.000,0.000,0.000
prefix_75,lcp_mergesort,1100,7814.933,753842.000,0.000,0.000,0.000
prefix_75,lcp_mergesort,1200,8675.600,833638.000,0.000,0.000,0.000
prefix_75,lcp_mergesort,1300,9534.367,917334.000,0.000,0.000,0.000
prefix_75,lcp_mergesort,1400,10530.833,1000345.000,0.000,0.000,0.000
prefix_75,lcp_mergesort,1500,11365.067,1080264.000,0.000,0.000,0.000
prefix_75,lcp_mergesort,1600,11977.433,1163363.000,0.000,0.000,0.000
prefix_75,lcp_mergesort,1700,13147.133,1250569.000,0.000,0.000,0.000
prefix_75,lcp_mergesort,1800,13684.233,1332424.000,0.000,0.000,0.000
prefix_75,lcp_mergesort,1900,14715.500,1415138.000,0.000,0.000,0.000
prefix_75,lcp_mergesort,2000,15783.100,1504520.000,0.000,0.000,0.000
prefix_75,lcp_mergesort,2100,16456.333,1589092.000,0.000,0.000,0.000
prefix_75,lcp_mergesort,2200,17662.333,1677436.000,0.000,0.000,0.000
prefix_75,lcp_mergesort,2300,18446.833,1765977.000,0.000,0.000,0.000
prefix_75,lcp_mergesort,2400,19095.000,1852662.000,0.000,0.000,0.000
prefix_75,lcp_mergesort,2500,20125.267,1941849.000,0.000,0.000,0.000
prefix_75,lcp_mergesort,2600,21272.400,2033928.000,0.000,0.000,0.000
prefix_75,lcp_mergesort,2700,22124.167,2126979.000,0.000,0.000,0.000
prefix_75,lcp_mergesort,2800,23077.767,2217917.000,0.000,0.000,0.000
prefix_75,lcp_mergesort,2900,24202.700,2306834.000,0.000,0.000,0.000
prefix_75,lcp_mergesort,3000,24653.167,2394327.000,0.000,0.000,0.000
prefix_75,msd_radix_sort,100,494.800,0.000,15350.000,107.000,0.000
prefix_75,msd_radix_sort,200,908.233,0.000,30780.000,134.000,0.000
prefix_75,msd_radix_sort,300,1223.567,0.000,46214.000,152.000,0.000
prefix_75,msd_radix_sort,400,1624.333,0.000,61660.000,166.000,0.000
prefix_75,msd_radix_sort,500,1995.500,0.000,77098.000,176.000,0.000
prefix_75,msd_radix_sort,600,2329.867,0.000,92516.000,181.000,0.000
prefix_75,msd_radix_sort,700,2688.567,0.000,107938.000,186.000,0.000
prefix_75,msd_radix_sort,800,3050.800,0.000,123382.000,197.000,0.000
prefix_75,msd_radix_sort,900,3401.933,0.000,138850.000,214.000,0.000
prefix_75,msd_radix_sort,1000,3778.033,0.000,154310.000,229.000,0.000
prefix_75,msd_radix_sort,1100,4112.033,0.000,169736.000,236.000,0.000
prefix_75,msd_radix_sort,1200,4510.767,0.000,185216.000,256.000,0.000
prefix_75,msd_radix_sort,1300,4867.500,0.000,200704.000,276.000,0.000
prefix_75,msd_radix_sort,1400,5245.000,0.000,216174.000,291.000,0.000
prefix_75,msd_radix_sort,1500,5604.533,0.000,231660.000,312.000,0.000
prefix_75,msd_radix_sort,1600,6015.833,0.000,247158.000,335.000,0.000
prefix_75,msd_radix_sort,1700,6387.867,0.000,262680.000,363.000,0.000
prefix_75,msd_radix_sort,1800,6764.867,0.000,278198.000,390.000,0.000
prefix_75,msd_radix_sort,1900,7142.533,0.000,293700.000,413.000,0.000
prefix_75,msd_radix_sort,2000,7614.333,0.000,309250.000,449.000,0.000
prefix_75,msd_radix_sort,2100,7936.133,0.000,324770.000,475.000,0.000
prefix_75,msd_radix_sort,2200,8351.500,0.000,340272.000,500.000,0.000
prefix_75,msd_radix_sort,2300,8765.567,0.000,355804.000,530.000,0.000
prefix_75,msd_radix_sort,2400,9142.933,0.000,371328.000,558.000,0.000
prefix_75,msd_radix_sort,2500,9545.967,0.000,386876.000,590.000,0.000
prefix_75,msd_radix_sort,2600,10574.333,0.000,402384.000,612.000,0.000
prefix_75,msd_radix_sort,2700,10372.433,0.000,417932.000,643.000,0.000
prefix_75,msd_radix_sort,2800,10763.100,0.000,433456.000,671.000,0.000
prefix_75,msd_radix_sort,2900,11087.667,0.000,449008.000,704.000,0.000
prefix_75,msd_radix_sort,3000,11543.167,0.000,464524.000,727.000,0.000
prefix_75,quick_msd_radix_sort,100,440.033,75.000,15291.000,76.000,30.000
prefix_75,quick_msd_radix_sort,200,771.667,310.000,30720.000,76.000,56.000
prefix_75,quick_msd_radix_sort,300,1095.033,611.000,46182.000,76.000,69.000
prefix_75,quick_msd_radix_sort,400,1454.800,1075.000,61747.000,76.000,73.000
prefix_75,quick_msd_radix_sort,500,1800.900,1503.000,77286.000,76.000,74.000
prefix_75,quick_msd_radix_sort,600,2170.300,1999.000,92943.000,76.000,74.000
prefix_75,quick_msd_radix_sort,700,2484.767,2542.000,108584.000,76.000,74.000
prefix_75,quick_msd_radix_sort,800,2836.867,3159.000,124195.000,76.000,74.000
prefix_75,quick_msd_radix_sort,900,3238.133,3775.000,139904.000,76.000,74.000
prefix_75,quick_msd_radix_sort,1000,3548.233,4369.000,155596.000,76.000,74.000
prefix_75,quick_msd_radix_sort,1100,3867.467,5171.000,171333.000,76.000,74.000
prefix_75,quick_msd_radix_sort,1200,4232.600,5800.000,187049.000,76.000,74.000
prefix_75,quick_msd_radix_sort,1300,4591.000,6310.000,202732.000,76.000,74.000
prefix_75,quick_msd_radix_sort,1400,4935.400,6969.000,218441.000,76.000,74.000
prefix_75,quick_msd_radix_sort,1500,5263.967,7835.000,234210.000,76.000,74.000
prefix_75,quick_msd_radix_sort,1600,5625.767,8841.000,250252.000,76.000,74.000
prefix_75,quick_msd_radix_sort,1700,5958.067,9419.000,265949.000,76.000,74.000
prefix_75,quick_msd_radix_sort,1800,6250.667,10010.000,281625.000,76.000,74.000
prefix_75,quick_msd_radix_sort,1900,6641.933,11288.000,297749.000,76.000,74.000
prefix_75,quick_msd_radix_sort,2000,7003.200,11872.000,313438.000,76.000,74.000
prefix_75,quick_msd_radix_sort,2100,7356.900,12512.000,329049.000,76.000,74.000
prefix_75,quick_msd_radix_sort,2200,7720.033,13465.000,345056.000,76.000,74.000
prefix_75,quick_msd_radix_sort,2300,8099.633,14426.000,360893.000,76.000,74.000
prefix_75,quick_msd_radix_sort,2400,8582.200,15274.000,376900.000,76.000,74.000
prefix_75,quick_msd_radix_sort,2500,8852.933,16023.000,392710.000,76.000,74.000
prefix_75,quick_msd_radix_sort,2600,9225.900,17075.000,408570.000,76.000,74.000
prefix_75,quick_msd_radix_sort,2700,9568.300,17919.000,424341.000,76.000,74.000
prefix_75,quick_msd_radix_sort,2800,9909.467,18927.000,440413.000,76.000,74.000
prefix_75,quick_msd_radix_sort,2900,10237.233,19934.000,456250.000,76.000,74.000
prefix_75,quick_msd_radix_sort,3000,10651.700,20698.000,471996.000,76.000,74.000
prefix_75,standard_mergesort,100,773.833,41015.000,0.000,0.000,0.000
prefix_75,standard_mergesort,200,1850.167,98089.000,0.000,0.000,0.000
prefix_75,standard_mergesort,300,3069.867,159072.000,0.000,0.000,0.000
prefix_75,standard_mergesort,400,4335.100,226467.000,0.000,0.000,0.000
prefix_75,standard_mergesort,500,5655.267,295165.000,0.000,0.000,0.000
prefix_75,standard_mergesort,600,6885.000,365541.000,0.000,0.000,0.000
prefix_75,standard_mergesort,700,8300.100,440682.000,0.000,0.000,0.000
prefix_75,standard_mergesort,800,9691.067,513407.000,0.000,0.000,0.000
prefix_75,standard_mergesort,900,11323.900,589147.000,0.000,0.000,0.000
prefix_75,standard_mergesort,1000,12559.633,667166.000,0.000,0.000,0.000
prefix_75,standard_mergesort,1100,14101.600,744220.000,0.000,0.000,0.000
prefix_75,standard_mergesort,1200,15804.900,823002.000,0.000,0.000,0.000
prefix_75,standard_mergesort,1300,17017.433,905621.000,0.000,0.000,0.000
prefix_75,standard_mergesort,1400,18969.500,987564.000,0.000,0.000,0.000
prefix_75,standard_mergesort,1500,20559.400,1066464.000,0.000,0.000,0.000
prefix_75,standard_mergesort,1600,21703.133,1148503.000,0.000,0.000,0.000
prefix_75,standard_mergesort,1700,23778.867,1234585.000,0.000,0.000,0.000
prefix_75,standard_mergesort,1800,24805.800,1315393.000,0.000,0.000,0.000
prefix_75,standard_mergesort,1900,26707.433,1397057.000,0.000,0.000,0.000
prefix_75,standard_mergesort,2000,28185.067,1485291.000,0.000,0.000,0.000
prefix_75,standard_mergesort,2100,29593.233,1568787.000,0.000,0.000,0.000
prefix_75,standard_mergesort,2200,31545.000,1656018.000,0.000,0.000,0.000
prefix_75,standard_mergesort,2300,32829.467,1743425.000,0.000,0.000,0.000
prefix_75,standard_mergesort,2400,34292.833,1829017.000,0.000,0.000,0.000
prefix_75,standard_mergesort,2500,36723.133,1917075.000,0.000,0.000,0.000
prefix_75,standard_mergesort,2600,38414.200,2007969.000,0.000,0.000,0.000
prefix_75,standard_mergesort,2700,39842.700,2099825.000,0.000,0.000,0.000
prefix_75,standard_mergesort,2800,42050.667,2189625.000,0.000,0.000,0.000
prefix_75,standard_mergesort,2900,42671.000,2277401.000,0.000,0.000,0.000
prefix_75,standard_mergesort,3000,44465.833,2363771.000,0.000,0.000,0.000
prefix_75,standard_quicksort,100,841.467,45728.000,0.000,0.000,0.000
prefix_75,standard_quicksort,200,2200.800,119366.000,0.000,0.000,0.000
prefix_75,standard_quicksort,300,3356.367,182044.000,0.000,0.000,0.000
prefix_75,standard_quicksort,400,5641.167,297073.000,0.000,0.000,0.000
prefix_75,standard_quicksort,500,7028.300,370664.000,0.000,0.000,0.000
prefix_75,standard_quicksort,600,8167.300,440856.000,0.000,0.000,0.000
prefix_75,standard_quicksort,700,9988.200,539765.000,0.000,0.000,0.000
prefix_75,standard_quicksort,800,11310.833,612031.000,0.000,0.000,0.000
prefix_75,standard_quicksort,900,12856.767,685991.000,0.000,0.000,0.000
prefix_75,standard_quicksort,1000,13981.133,759906.000,0.000,0.000,0.000
prefix_75,standard_quicksort,1100,19263.833,1022897.000,0.000,0.000,0.000
prefix_75,standard_quicksort,1200,21012.433,1116606.000,0.000,0.000,0.000
prefix_75,standard_quicksort,1300,19410.700,1053168.000,0.000,0.000,0.000
prefix_75,standard_quicksort,1400,21703.900,1157962.000,0.000,0.000,0.000
prefix_75,standard_quicksort,1500,27851.033,1479465.000,0.000,0.000,0.000
prefix_75,standard_quicksort,1600,26566.867,1436588.000,0.000,0.000,0.000
prefix_75,standard_quicksort,1700,31273.967,1670159.000,0.000,0.000,0.000
prefix_75,standard_quicksort,1800,30138.467,1638071.000,0.000,0.000,0.000
prefix_75,standard_quicksort,1900,31220.600,1696342.000,0.000,0.000,0.000
prefix_75,standard_quicksort,2000,38859.233,2098942.000,0.000,0.000,0.000
prefix_75,standard_quicksort,2100,37977.733,2053919.000,0.000,0.000,0.000
prefix_75,standard_quicksort,2200,41066.733,2220441.000,0.000,0.000,0.000
prefix_75,standard_quicksort,2300,42843.333,2272956.000,0.000,0.000,0.000
prefix_75,standard_quicksort,2400,42078.667,2236244.000,0.000,0.000,0.000
prefix_75,standard_quicksort,2500,42022.200,2270606.000,0.000,0.000,0.000
prefix_75,standard_quicksort,2600,44047.833,2394132.000,0.000,0.000,0.000
prefix_75,standard_quicksort,2700,49101.633,2601135.000,0.000,0.000,0.000
prefix_75,standard_quicksort,2800,50891.967,2701433.000,0.000,0.000,0.000
prefix_75,standard_quicksort,2900,52552.933,2797431.000,0.000,0.000,0.000
prefix_75,standard_quicksort,3000,56291.133,3061327.000,0.000,0.000,0.000
prefix_75,string_quicksort,100,119.133,15793.000,8212.000,0.000,0.000
prefix_75,string_quicksort,200,239.700,31930.000,16507.000,0.000,0.000
prefix_75,string_quicksort,300,358.633,48176.000,25068.000,0.000,0.000
prefix_75,string_quicksort,400,512.700,65132.000,33693.000,0.000,0.000
prefix_75,string_quicksort,500,597.600,81121.000,41840.000,0.000,0.000
prefix_75,string_quicksort,600,720.900,97945.000,50758.000,0.000,0.000
prefix_75,string_quicksort,700,838.900,114938.000,59556.000,0.000,0.000
prefix_75,string_quicksort,800,960.733,131074.000,67915.000,0.000,0.000
prefix_75,string_quicksort,900,1138.533,147442.000,76420.000,0.000,0.000
prefix_75,string_quicksort,1000,1195.467,163963.000,85005.000,0.000,0.000
prefix_75,string_quicksort,1100,1309.233,180007.000,93163.000,0.000,0.000
prefix_75,string_quicksort,1200,1541.700,197838.000,102861.000,0.000,0.000
prefix_75,string_quicksort,1300,1566.733,214248.000,111083.000,0.000,0.000
prefix_75,string_quicksort,1400,1729.433,230792.000,119206.000,0.000,0.000
prefix_75,string_quicksort,1500,1879.900,247302.000,128868.000,0.000,0.000
prefix_75,string_quicksort,1600,1946.500,264378.000,137187.000,0.000,0.000
prefix_75,string_quicksort,1700,2139.267,283473.000,146827.000,0.000,0.000
prefix_75,string_quicksort,1800,2235.167,298878.000,154799.000,0.000,0.000
prefix_75,string_quicksort,1900,2417.067,315466.000,163538.000,0.000,0.000
prefix_75,string_quicksort,2000,2574.067,331933.000,172712.000,0.000,0.000
prefix_75,string_quicksort,2100,2631.033,349250.000,181800.000,0.000,0.000
prefix_75,string_quicksort,2200,2749.667,366080.000,190205.000,0.000,0.000
prefix_75,string_quicksort,2300,2836.400,381063.000,198323.000,0.000,0.000
prefix_75,string_quicksort,2400,2955.700,398736.000,207194.000,0.000,0.000
prefix_75,string_quicksort,2500,3154.100,416560.000,215869.000,0.000,0.000
prefix_75,string_quicksort,2600,3339.567,432784.000,224790.000,0.000,0.000
prefix_75,string_quicksort,2700,3458.000,449225.000,232794.000,0.000,0.000
prefix_75,string_quicksort,2800,3565.933,464585.000,242050.000,0.000,0.000
prefix_75,string_quicksort,2900,3731.067,486870.000,252913.000,0.000,0.000
prefix_75,string_quicksort,3000,3751.433,501159.000,260739.000,0.000,0.000
random,lcp_mergesort,100,50.267,1146.000,0.000,0.000,0.000
random,lcp_mergesort,200,118.067,2801.000,0.000,0.000,0.000
random,lcp_mergesort,300,195.633,4630.000,0.000,0.000,0.000
random,lcp_mergesort,400,278.767,6640.000,0.000,0.000,0.000
random,lcp_mergesort,500,377.633,8734.000,0.000,0.000,0.000
random,lcp_mergesort,600,455.567,10916.000,0.000,0.000,0.000
random,lcp_mergesort,700,580.033,13176.000,0.000,0.000,0.000
random,lcp_mergesort,800,648.200,15522.000,0.000,0.000,0.000
random,lcp_mergesort,900,777.933,17835.000,0.000,0.000,0.000
random,lcp_mergesort,1000,867.000,20298.000,0.000,0.000,0.000
random,lcp_mergesort,1100,1001.167,22880.000,0.000,0.000,0.000
random,lcp_mergesort,1200,1095.567,25377.000,0.000,0.000,0.000
random,lcp_mergesort,1300,1215.600,27965.000,0.000,0.000,0.000
random,lcp_mergesort,1400,1382.100,30521.000,0.000,0.000,0.000
random,lcp_mergesort,1500,1501.800,33194.000,0.000,0.000,0.000
random,lcp_mergesort,1600,1599.033,35866.000,0.000,0.000,0.000
random,lcp_mergesort,1700,1669.300,38476.000,0.000,0.000,0.000
random,lcp_mergesort,1800,1717.067,41107.000,0.000,0.000,0.000
random,lcp_mergesort,1900,1839.033,43898.000,0.000,0.000,0.000
random,lcp_mergesort,2000,2001.100,46565.000,0.000,0.000,0.000
random,lcp_mergesort,2100,2113.267,49380.000,0.000,0.000,0.000
random,lcp_mergesort,2200,2215.333,52399.000,0.000,0.000,0.000
random,lcp_mergesort,2300,2286.767,55156.000,0.000,0.000,0.000
random,lcp_mergesort,2400,2375.567,57974.000,0.000,0.000,0.000
random,lcp_mergesort,2500,2632.167,60895.000,0.000,0.000,0.000
random,lcp_mergesort,2600,2654.433,63875.000,0.000,0.000,0.000
random,lcp_mergesort,2700,2784.733,66706.000,0.000,0.000,0.000
random,lcp_mergesort,2800,2901.333,69622.000,0.000,0.000,0.000
random,lcp_mergesort,2900,2986.500,72444.000,0.000,0.000,0.000
random,lcp_mergesort,3000,3141.900,75542.000,0.000,0.000,0.000
random,msd_radix_sort,100,67.033,0.000,350.000,31.000,0.000
random,msd_radix_sort,200,133.733,0.000,792.000,59.000,0.000
random,msd_radix_sort,300,183.133,0.000,1226.000,78.000,0.000
random,msd_radix_sort,400,214.200,0.000,1652.000,86.000,0.000
random,msd_radix_sort,500,259.533,0.000,2090.000,96.000,0.000
random,msd_radix_sort,600,284.233,0.000,2518.000,104.000,0.000
random,msd_radix_sort,700,332.133,0.000,2962.000,115.000,0.000
random,msd_radix_sort,800,361.833,0.000,3408.000,126.000,0.000
random,msd_radix_sort,900,431.433,0.000,3876.000,143.000,0.000
random,msd_radix_sort,1000,463.900,0.000,4328.000,156.000,0.000
random,msd_radix_sort,1100,519.000,0.000,4778.000,167.000,0.000
random,msd_radix_sort,1200,567.133,0.000,5266.000,188.000,0.000
random,msd_radix_sort,1300,615.400,0.000,5726.000,202.000,0.000
random,msd_radix_sort,1400,677.133,0.000,6216.000,223.000,0.000
random,msd_radix_sort,1500,787.833,0.000,6690.000,240.000,0.000
random,msd_radix_sort,1600,841.467,0.000,7246.000,275.000,0.000
random,msd_radix_sort,1700,871.367,0.000,7752.000,299.000,0.000
random,msd_radix_sort,1800,950.467,0.000,8252.000,322.000,0.000
random,msd_radix_sort,1900,1023.500,0.000,8742.000,341.000,0.000
random,msd_radix_sort,2000,1023.867,0.000,9234.000,360.000,0.000
random,msd_radix_sort,2100,1092.267,0.000,9734.000,381.000,0.000
random,msd_radix_sort,2200,1152.767,0.000,10240.000,405.000,0.000
random,msd_radix_sort,2300,1214.233,0.000,10748.000,427.000,0.000
random,msd_radix_sort,2400,1299.333,0.000,11248.000,451.000,0.000
random,msd_radix_sort,2500,1375.933,0.000,11806.000,486.000,0.000
random,msd_radix_sort,2600,1435.567,0.000,12330.000,513.000,0.000
random,msd_radix_sort,2700,1530.167,0.000,12850.000,539.000,0.000
random,msd_radix_sort,2800,1585.567,0.000,13406.000,574.000,0.000
random,msd_radix_sort,2900,1672.600,0.000,13974.000,611.000,0.000
random,msd_radix_sort,3000,1747.900,0.000,14526.000,645.000,0.000
random,quick_msd_radix_sort,100,14.467,83.000,303.000,1.000,30.000
random,quick_msd_radix_sort,200,30.100,321.000,728.000,1.000,56.000
random,quick_msd_radix_sort,300,46.600,623.000,1191.000,1.000,68.000
random,quick_msd_radix_sort,400,64.767,1022.000,1729.000,1.000,72.000
random,quick_msd_radix_sort,500,90.500,1527.000,2321.000,1.000,73.000
random,quick_msd_radix_sort,600,109.400,2061.000,2963.000,1.000,74.000
random,quick_msd_radix_sort,700,136.167,2587.000,3560.000,1.000,74.000
random,quick_msd_radix_sort,800,157.367,3210.000,4252.000,1.000,74.000
random,quick_msd_radix_sort,900,187.067,3710.000,4876.000,1.000,74.000
random,quick_msd_radix_sort,1000,211.600,4498.000,5611.000,1.000,74.000
random,quick_msd_radix_sort,1100,247.067,5020.000,6270.000,1.000,74.000
random,quick_msd_radix_sort,1200,269.833,5885.000,7097.000,1.000,74.000
random,quick_msd_radix_sort,1300,282.933,6361.000,7714.000,1.000,74.000
random,quick_msd_radix_sort,1400,313.700,7170.000,8556.000,1.000,74.000
random,quick_msd_radix_sort,1500,361.567,7904.000,9290.000,1.000,74.000
random,quick_msd_radix_sort,1600,388.233,8754.000,10061.000,1.000,74.000
random,quick_msd_radix_sort,1700,398.467,9585.000,10897.000,1.000,74.000
random,quick_msd_radix_sort,1800,423.967,10756.000,11865.000,1.000,74.000
random,quick_msd_radix_sort,1900,451.433,11248.000,12480.000,1.000,74.000
random,quick_msd_radix_sort,2000,468.500,12151.000,13400.000,1.000,74.000
random,quick_msd_radix_sort,2100,499.200,13032.000,14401.000,1.000,74.000
random,quick_msd_radix_sort,2200,523.167,13970.000,15193.000,1.000,74.000
random,quick_msd_radix_sort,2300,554.467,14938.000,16235.000,1.000,74.000
random,quick_msd_radix_sort,2400,598.500,15722.000,17107.000,1.000,74.000
random,quick_msd_radix_sort,2500,622.433,16927.000,17974.000,1.000,74.000
random,quick_msd_radix_sort,2600,642.367,17969.000,18914.000,1.000,74.000
random,quick_msd_radix_sort,2700,667.900,18643.000,19658.000,1.000,74.000
random,quick_msd_radix_sort,2800,701.867,18799.000,19968.000,1.000,74.000
random,quick_msd_radix_sort,2900,721.300,20319.000,21146.000,1.000,74.000
random,quick_msd_radix_sort,3000,749.367,21644.000,22240.000,1.000,74.000
random,standard_mergesort,100,43.467,602.000,0.000,0.000,0.000
random,standard_mergesort,200,104.933,1511.000,0.000,0.000,0.000
random,standard_mergesort,300,175.767,2529.000,0.000,0.000,0.000
random,standard_mergesort,400,249.433,3671.000,0.000,0.000,0.000
random,standard_mergesort,500,331.900,4862.000,0.000,0.000,0.000
random,standard_mergesort,600,406.900,6120.000,0.000,0.000,0.000
random,standard_mergesort,700,521.467,7431.000,0.000,0.000,0.000
random,standard_mergesort,800,607.633,8797.000,0.000,0.000,0.000
random,standard_mergesort,900,680.200,10152.000,0.000,0.000,0.000
random,standard_mergesort,1000,831.533,11581.000,0.000,0.000,0.000
random,standard_mergesort,1100,939.167,13100.000,0.000,0.000,0.000
random,standard_mergesort,1200,1010.633,14585.000,0.000,0.000,0.000
random,standard_mergesort,1300,1150.300,16106.000,0.000,0.000,0.000
random,standard_mergesort,1400,1277.833,17633.000,0.000,0.000,0.000
random,standard_mergesort,1500,1309.067,19213.000,0.000,0.000,0.000
random,standard_mergesort,1600,1484.933,20807.000,0.000,0.000,0.000
random,standard_mergesort,1700,1545.400,22366.000,0.000,0.000,0.000
random,standard_mergesort,1800,1583.000,23931.000,0.000,0.000,0.000
random,standard_mergesort,1900,1671.100,25580.000,0.000,0.000,0.000
random,standard_mergesort,2000,1840.667,27173.000,0.000,0.000,0.000
random,standard_mergesort,2100,1882.033,28864.000,0.000,0.000,0.000
random,standard_mergesort,2200,1992.133,30675.000,0.000,0.000,0.000
random,standard_mergesort,2300,2157.900,32334.000,0.000,0.000,0.000
random,standard_mergesort,2400,2237.433,34032.000,0.000,0.000,0.000
random,standard_mergesort,2500,2319.067,35765.000,0.000,0.000,0.000
random,standard_mergesort,2600,2484.267,37571.000,0.000,0.000,0.000
random,standard_mergesort,2700,2561.133,39270.000,0.000,0.000,0.000
random,standard_mergesort,2800,2714.800,41042.000,0.000,0.000,0.000
random,standard_mergesort,2900,2882.067,42752.000,0.000,0.000,0.000
random,standard_mergesort,3000,2970.933,44610.000,0.000,0.000,0.000
random,standard_quicksort,100,44.700,933.000,0.000,0.000,0.000
random,standard_quicksort,200,84.300,1831.000,0.000,0.000,0.000
random,standard_quicksort,300,147.267,3100.000,0.000,0.000,0.000
random,standard_quicksort,400,207.900,4367.000,0.000,0.000,0.000
random,standard_quicksort,500,278.733,6080.000,0.000,0.000,0.000
random,standard_quicksort,600,334.200,6784.000,0.000,0.000,0.000
random,standard_quicksort,700,458.233,9808.000,0.000,0.000,0.000
random,standard_quicksort,800,507.367,10795.000,0.000,0.000,0.000
random,standard_quicksort,900,536.667,12105.000,0.000,0.000,0.000
random,standard_quicksort,1000,670.633,14200.000,0.000,0.000,0.000
random,standard_quicksort,1100,744.867,16203.000,0.000,0.000,0.000
random,standard_quicksort,1200,920.533,20533.000,0.000,0.000,0.000
random,standard_quicksort,1300,969.767,19964.000,0.000,0.000,0.000
random,standard_quicksort,1400,929.633,20349.000,0.000,0.000,0.000
random,standard_quicksort,1500,1087.033,23810.000,0.000,0.000,0.000
random,standard_quicksort,1600,1211.933,26250.000,0.000,0.000,0.000
random,standard_quicksort,1700,1199.733,26260.000,0.000,0.000,0.000
random,standard_quicksort,1800,1247.333,28283.000,0.000,0.000,0.000
random,standard_quicksort,1900,1337.067,30869.000,0.000,0.000,0.000
random,standard_quicksort,2000,1634.767,36593.000,0.000,0.000,0.000
random,standard_quicksort,2100,1569.867,36248.000,0.000,0.000,0.000
random,standard_quicksort,2200,1659.233,38160.000,0.000,0.000,0.000
random,standard_quicksort,2300,1634.267,38459.000,0.000,0.000,0.000
random,standard_quicksort,2400,1851.333,42415.000,0.000,0.000,0.000
random,standard_quicksort,2500,1874.633,43514.000,0.000,0.000,0.000
random,standard_quicksort,2600,1975.333,45152.000,0.000,0.000,0.000
random,standard_quicksort,2700,2111.400,48230.000,0.000,0.000,0.000
random,standard_quicksort,2800,2151.867,49383.000,0.000,0.000,0.000
random,standard_quicksort,2900,2288.333,52969.000,0.000,0.000,0.000
random,standard_quicksort,3000,2437.900,54172.000,0.000,0.000,0.000
random,string_quicksort,100,23.233,1064.000,771.000,0.000,0.000
random,string_quicksort,200,45.733,1965.000,1545.000,0.000,0.000
random,string_quicksort,300,78.633,3462.000,2555.000,0.000,0.000
random,string_quicksort,400,114.233,5763.000,3854.000,0.000,0.000
random,string_quicksort,500,155.067,6689.000,4822.000,0.000,0.000
random,string_quicksort,600,192.700,8948.000,6327.000,0.000,0.000
random,string_quicksort,700,236.967,11769.000,7875.000,0.000,0.000
random,string_quicksort,800,236.400,11187.000,8015.000,0.000,0.000
random,string_quicksort,900,277.100,13060.000,9129.000,0.000,0.000
random,string_quicksort,1000,313.033,14472.000,10207.000,0.000,0.000
random,string_quicksort,1100,373.733,18185.000,12304.000,0.000,0.000
random,string_quicksort,1200,401.800,19773.000,13292.000,0.000,0.000
random,string_quicksort,1300,454.400,21034.000,14961.000,0.000,0.000
random,string_quicksort,1400,472.300,20220.000,14599.000,0.000,0.000
random,string_quicksort,1500,538.233,26759.000,17891.000,0.000,0.000
random,string_quicksort,1600,560.767,25746.000,17359.000,0.000,0.000
random,string_quicksort,1700,576.167,27152.000,18728.000,0.000,0.000
random,string_quicksort,1800,594.233,29374.000,19917.000,0.000,0.000
random,string_quicksort,1900,630.633,30256.000,21251.000,0.000,0.000
random,string_quicksort,2000,765.833,36952.000,25304.000,0.000,0.000
random,string_quicksort,2100,722.700,35535.000,24191.000,0.000,0.000
random,string_quicksort,2200,798.833,40299.000,26884.000,0.000,0.000
random,string_quicksort,2300,818.867,38630.000,27420.000,0.000,0.000
random,string_quicksort,2400,834.733,41488.000,27507.000,0.000,0.000
random,string_quicksort,2500,868.667,41704.000,29338.000,0.000,0.000
random,string_quicksort,2600,922.933,43464.000,29668.000,0.000,0.000
random,string_quicksort,2700,968.000,46905.000,32078.000,0.000,0.000
random,string_quicksort,2800,1019.200,51681.000,34231.000,0.000,0.000
random,string_quicksort,2900,1064.700,56809.000,36929.000,0.000,0.000
random,string_quicksort,3000,1082.567,52064.000,37193.000,0.000,0.000
reverse,lcp_mergesort,100,42.533,1036.000,0.000,0.000,0.000
reverse,lcp_mergesort,200,98.000,2304.000,0.000,0.000,0.000
reverse,lcp_mergesort,300,154.733,3585.000,0.000,0.000,0.000
reverse,lcp_mergesort,400,215.967,5011.000,0.000,0.000,0.000
reverse,lcp_mergesort,500,281.433,6155.000,0.000,0.000,0.000
reverse,lcp_mergesort,600,359.400,7835.000,0.000,0.000,0.000
reverse,lcp_mergesort,700,418.300,9453.000,0.000,0.000,0.000
reverse,lcp_mergesort,800,478.167,10847.000,0.000,0.000,0.000
reverse,lcp_mergesort,900,565.700,12056.000,0.000,0.000,0.000
reverse,lcp_mergesort,1000,603.133,13285.000,0.000,0.000,0.000
reverse,lcp_mergesort,1100,699.867,15009.000,0.000,0.000,0.000
reverse,lcp_mergesort,1200,761.467,16903.000,0.000,0.000,0.000
reverse,lcp_mergesort,1300,888.667,18500.000,0.000,0.000,0.000
reverse,lcp_mergesort,1400,918.833,20222.000,0.000,0.000,0.000
reverse,lcp_mergesort,1500,1019.000,21535.000,0.000,0.000,0.000
reverse,lcp_mergesort,1600,1088.867,23198.000,0.000,0.000,0.000
reverse,lcp_mergesort,1700,1222.300,24691.000,0.000,0.000,0.000
reverse,lcp_mergesort,1800,1272.600,26022.000,0.000,0.000,0.000
reverse,lcp_mergesort,1900,1268.400,27362.000,0.000,0.000,0.000
reverse,lcp_mergesort,2000,1327.967,28586.000,0.000,0.000,0.000
reverse,lcp_mergesort,2100,1404.400,30212.000,0.000,0.000,0.000
reverse,lcp_mergesort,2200,1553.067,32397.000,0.000,0.000,0.000
reverse,lcp_mergesort,2300,1587.767,34174.000,0.000,0.000,0.000
reverse,lcp_mergesort,2400,1672.600,36259.000,0.000,0.000,0.000
reverse,lcp_mergesort,2500,1758.200,37852.000,0.000,0.000,0.000
reverse,lcp_mergesort,2600,1854.033,39672.000,0.000,0.000,0.000
reverse,lcp_mergesort,2700,1971.467,41250.000,0.000,0.000,0.000
reverse,lcp_mergesort,2800,2003.967,43257.000,0.000,0.000,0.000
reverse,lcp_mergesort,2900,2137.100,44747.000,0.000,0.000,0.000
reverse,lcp_mergesort,3000,2151.900,46221.000,0.000,0.000,0.000
reverse,msd_radix_sort,100,54.800,0.000,474.000,22.000,0.000
reverse,msd_radix_sort,200,118.267,0.000,974.000,47.000,0.000
reverse,msd_radix_sort,300,181.933,0.000,1466.000,71.000,0.000
reverse,msd_radix_sort,400,243.333,0.000,1952.000,93.000,0.000
reverse,msd_radix_sort,500,303.333,0.000,2432.000,114.000,0.000
reverse,msd_radix_sort,600,354.767,0.000,2894.000,131.000,0.000
reverse,msd_radix_sort,700,403.233,0.000,3386.000,150.000,0.000
reverse,msd_radix_sort,800,455.833,0.000,3866.000,170.000,0.000
reverse,msd_radix_sort,900,523.867,0.000,4328.000,187.000,0.000
reverse,msd_radix_sort,1000,566.733,0.000,4812.000,209.000,0.000
reverse,msd_radix_sort,1100,644.900,0.000,5290.000,230.000,0.000
reverse,msd_radix_sort,1200,698.700,0.000,5784.000,254.000,0.000
reverse,msd_radix_sort,1300,771.667,0.000,6268.000,275.000,0.000
reverse,msd_radix_sort,1400,818.667,0.000,6732.000,292.000,0.000
reverse,msd_radix_sort,1500,871.533,0.000,7228.000,316.000,0.000
reverse,msd_radix_sort,1600,926.500,0.000,7718.000,339.000,0.000
reverse,msd_radix_sort,1700,1009.600,0.000,8208.000,359.000,0.000
reverse,msd_radix_sort,1800,1097.067,0.000,8714.000,387.000,0.000
reverse,msd_radix_sort,1900,1123.533,0.000,9206.000,410.000,0.000
reverse,msd_radix_sort,2000,1163.400,0.000,9688.000,431.000,0.000
reverse,msd_radix_sort,2100,1237.800,0.000,10176.000,454.000,0.000
reverse,msd_radix_sort,2200,1319.100,0.000,10656.000,476.000,0.000
reverse,msd_radix_sort,2300,1360.267,0.000,11128.000,496.000,0.000
reverse,msd_radix_sort,2400,1421.133,0.000,11600.000,515.000,0.000
reverse,msd_radix_sort,2500,1509.500,0.000,12092.000,539.000,0.000
reverse,msd_radix_sort,2600,1500.233,0.000,12532.000,551.000,0.000
reverse,msd_radix_sort,2700,1580.300,0.000,13010.000,571.000,0.000
reverse,msd_radix_sort,2800,1629.700,0.000,13506.000,593.000,0.000
reverse,msd_radix_sort,2900,1689.067,0.000,14000.000,617.000,0.000
reverse,msd_radix_sort,3000,1736.233,0.000,14472.000,635.000,0.000
reverse,quick_msd_radix_sort,100,22.300,536.000,639.000,1.000,3.000
reverse,quick_msd_radix_sort,200,43.667,1095.000,1300.000,1.000,5.000
reverse,quick_msd_radix_sort,300,63.133,1645.000,1945.000,1.000,8.000
reverse,quick_msd_radix_sort,400,84.267,2173.000,2572.000,1.000,10.000
reverse,quick_msd_radix_sort,500,109.667,2693.000,3200.000,1.000,13.000
reverse,quick_msd_radix_sort,600,131.800,3238.000,3847.000,1.000,16.000
reverse,quick_msd_radix_sort,700,147.967,3777.000,4478.000,1.000,18.000
reverse,quick_msd_radix_sort,800,176.500,4365.000,5157.000,1.000,20.000
reverse,quick_msd_radix_sort,900,197.933,4857.000,5761.000,1.000,23.000
reverse,quick_msd_radix_sort,1000,211.700,5429.000,6420.000,1.000,25.000
reverse,quick_msd_radix_sort,1100,234.567,5946.000,7042.000,1.000,28.000
reverse,quick_msd_radix_sort,1200,256.633,6477.000,7672.000,1.000,31.000
reverse,quick_msd_radix_sort,1300,279.733,7037.000,8319.000,1.000,33.000
reverse,quick_msd_radix_sort,1400,312.733,7615.000,8982.000,1.000,35.000
reverse,quick_msd_radix_sort,1500,332.167,8192.000,9645.000,1.000,37.000
reverse,quick_msd_radix_sort,1600,344.767,8722.000,10276.000,1.000,40.000
reverse,quick_msd_radix_sort,1700,374.700,9287.000,10933.000,1.000,42.000
reverse,quick_msd_radix_sort,1800,383.467,9850.000,11595.000,1.000,45.000
reverse,quick_msd_radix_sort,1900,421.100,10398.000,12237.000,1.000,47.000
reverse,quick_msd_radix_sort,2000,443.100,10915.000,12864.000,1.000,50.000
reverse,quick_msd_radix_sort,2100,484.233,11476.000,13520.000,1.000,52.000
reverse,quick_msd_radix_sort,2200,472.167,12049.000,14182.000,1.000,54.000
reverse,quick_msd_radix_sort,2300,510.367,12596.000,14819.000,1.000,57.000
reverse,quick_msd_radix_sort,2400,519.700,13092.000,15431.000,1.000,60.000
reverse,quick_msd_radix_sort,2500,582.100,13638.000,16079.000,1.000,62.000
reverse,quick_msd_radix_sort,2600,557.333,14134.000,16683.000,1.000,65.000
reverse,quick_msd_radix_sort,2700,591.500,14688.000,17329.000,1.000,68.000
reverse,quick_msd_radix_sort,2800,616.067,15267.000,17987.000,1.000,70.000
reverse,quick_msd_radix_sort,2900,625.067,15808.000,18632.000,1.000,72.000
reverse,quick_msd_radix_sort,3000,642.933,16381.000,19301.000,1.000,74.000
reverse,standard_mergesort,100,46.000,680.000,0.000,0.000,0.000
reverse,standard_mergesort,200,99.800,1492.000,0.000,0.000,0.000
reverse,standard_mergesort,300,156.533,2277.000,0.000,0.000,0.000
reverse,standard_mergesort,400,214.100,3187.000,0.000,0.000,0.000
reverse,standard_mergesort,500,270.067,3883.000,0.000,0.000,0.000
reverse,standard_mergesort,600,348.100,4919.000,0.000,0.000,0.000
reverse,standard_mergesort,700,425.000,5949.000,0.000,0.000,0.000
reverse,standard_mergesort,800,472.933,6799.000,0.000,0.000,0.000
reverse,standard_mergesort,900,547.800,7484.000,0.000,0.000,0.000
reverse,standard_mergesort,1000,595.967,8241.000,0.000,0.000,0.000
reverse,standard_mergesort,1100,702.033,9277.000,0.000,0.000,0.000
reverse,standard_mergesort,1200,750.300,10471.000,0.000,0.000,0.000
reverse,standard_mergesort,1300,853.767,11428.000,0.000,0.000,0.000
reverse,standard_mergesort,1400,900.567,12514.000,0.000,0.000,0.000
reverse,standard_mergesort,1500,1030.500,13247.000,0.000,0.000,0.000
reverse,standard_mergesort,1600,1119.100,14302.000,0.000,0.000,0.000
reverse,standard_mergesort,1700,1115.167,15175.000,0.000,0.000,0.000
reverse,standard_mergesort,1800,1227.200,15978.000,0.000,0.000,0.000
reverse,standard_mergesort,1900,1252.133,16754.000,0.000,0.000,0.000
reverse,standard_mergesort,2000,1312.233,17498.000,0.000,0.000,0.000
reverse,standard_mergesort,2100,1379.533,18464.000,0.000,0.000,0.000
reverse,standard_mergesort,2200,1567.500,19833.000,0.000,0.000,0.000
reverse,standard_mergesort,2300,1572.733,20882.000,0.000,0.000,0.000
reverse,standard_mergesort,2400,1647.067,22195.000,0.000,0.000,0.000
reverse,standard_mergesort,2500,1719.900,23100.000,0.000,0.000,0.000
reverse,standard_mergesort,2600,1802.400,24228.000,0.000,0.000,0.000
reverse,standard_mergesort,2700,1985.500,25086.000,0.000,0.000,0.000
reverse,standard_mergesort,2800,1958.867,26441.000,0.000,0.000,0.000
reverse,standard_mergesort,2900,2033.267,27263.000,0.000,0.000,0.000
reverse,standard_mergesort,3000,2129.900,28145.000,0.000,0.000,0.000
reverse,standard_quicksort,100,34.100,931.000,0.000,0.000,0.000
reverse,standard_quicksort,200,82.500,2165.000,0.000,0.000,0.000
reverse,standard_quicksort,300,134.833,3379.000,0.000,0.000,0.000
reverse,standard_quicksort,400,197.300,4849.000,0.000,0.000,0.000
reverse,standard_quicksort,500,248.067,6141.000,0.000,0.000,0.000
reverse,standard_quicksort,600,303.900,7396.000,0.000,0.000,0.000
reverse,standard_quicksort,700,369.600,9127.000,0.000,0.000,0.000
reverse,standard_quicksort,800,422.267,10575.000,0.000,0.000,0.000
reverse,standard_quicksort,900,504.333,11988.000,0.000,0.000,0.000
reverse,standard_quicksort,1000,545.433,13476.000,0.000,0.000,0.000
reverse,standard_quicksort,1100,598.933,14866.000,0.000,0.000,0.000
reverse,standard_quicksort,1200,668.333,16307.000,0.000,0.000,0.000
reverse,standard_quicksort,1300,723.667,18068.000,0.000,0.000,0.000
reverse,standard_quicksort,1400,792.633,19832.000,0.000,0.000,0.000
reverse,standard_quicksort,1500,895.133,21354.000,0.000,0.000,0.000
reverse,standard_quicksort,1600,966.667,22909.000,0.000,0.000,0.000
reverse,standard_quicksort,1700,983.033,24507.000,0.000,0.000,0.000
reverse,standard_quicksort,1800,1098.867,25971.000,0.000,0.000,0.000
reverse,standard_quicksort,1900,1112.000,27733.000,0.000,0.000,0.000
reverse,standard_quicksort,2000,1217.867,29353.000,0.000,0.000,0.000
reverse,standard_quicksort,2100,1304.567,30994.000,0.000,0.000,0.000
reverse,standard_quicksort,2200,1400.233,32378.000,0.000,0.000,0.000
reverse,standard_quicksort,2300,1383.000,33856.000,0.000,0.000,0.000
reverse,standard_quicksort,2400,1434.633,35346.000,0.000,0.000,0.000
reverse,standard_quicksort,2500,1475.433,36787.000,0.000,0.000,0.000
reverse,standard_quicksort,2600,1638.233,38960.000,0.000,0.000,0.000
reverse,standard_quicksort,2700,1696.400,40673.000,0.000,0.000,0.000
reverse,standard_quicksort,2800,1767.700,42721.000,0.000,0.000,0.000
reverse,standard_quicksort,2900,1742.967,44138.000,0.000,0.000,0.000
reverse,standard_quicksort,3000,1844.067,46028.000,0.000,0.000,0.000
reverse,string_quicksort,100,15.267,896.000,649.000,0.000,0.000
reverse,string_quicksort,200,34.700,1893.000,1399.000,0.000,0.000
reverse,string_quicksort,300,59.233,3156.000,2242.000,0.000,0.000
reverse,string_quicksort,400,90.800,4423.000,3194.000,0.000,0.000
reverse,string_quicksort,500,110.333,5616.000,4018.000,0.000,0.000
reverse,string_quicksort,600,137.367,6979.000,4980.000,0.000,0.000
reverse,string_quicksort,700,164.733,8382.000,5960.000,0.000,0.000
reverse,string_quicksort,800,183.200,9588.000,6900.000,0.000,0.000
reverse,string_quicksort,900,230.167,10806.000,7780.000,0.000,0.000
reverse,string_quicksort,1000,240.367,12250.000,8837.000,0.000,0.000
reverse,string_quicksort,1100,269.233,14002.000,9980.000,0.000,0.000
reverse,string_quicksort,1200,300.333,15432.000,10970.000,0.000,0.000
reverse,string_quicksort,1300,335.367,16957.000,12058.000,0.000,0.000
reverse,string_quicksort,1400,355.633,18328.000,13027.000,0.000,0.000
reverse,string_quicksort,1500,393.200,20116.000,14305.000,0.000,0.000
reverse,string_quicksort,1600,428.067,21417.000,15324.000,0.000,0.000
reverse,string_quicksort,1700,465.933,23024.000,16470.000,0.000,0.000
reverse,string_quicksort,1800,504.067,24240.000,17409.000,0.000,0.000
reverse,string_quicksort,1900,493.233,25641.000,18411.000,0.000,0.000
reverse,string_quicksort,2000,519.100,27165.000,19393.000,0.000,0.000
reverse,string_quicksort,2100,574.433,28899.000,20620.000,0.000,0.000
reverse,string_quicksort,2200,600.333,30782.000,21845.000,0.000,0.000
reverse,string_quicksort,2300,619.867,32564.000,23192.000,0.000,0.000
reverse,string_quicksort,2400,654.200,34112.000,24162.000,0.000,0.000
reverse,string_quicksort,2500,694.367,35792.000,25368.000,0.000,0.000
reverse,string_quicksort,2600,763.667,37587.000,26546.000,0.000,0.000
reverse,string_quicksort,2700,756.900,39071.000,27676.000,0.000,0.000
reverse,string_quicksort,2800,770.333,40302.000,28610.000,0.000,0.000
reverse,string_quicksort,2900,812.567,42076.000,29831.000,0.000,0.000
reverse,string_quicksort,3000,838.733,43901.000,31146.000,0.000,0.000
